{
  "model": "XGBoost",
  "window_days": 7,
  "train_date": "2026-02-24T06:01:47.548673",
  "metrics": {
    "accuracy": 0.9175627240143369,
    "precision": 0.6721311475409836,
    "recall": 0.7387387387387387,
    "f1_score": 0.703862660944206,
    "confusion_matrix": [
      [
        686,
        40
      ],
      [
        29,
        82
      ]
    ]
  }
}